{"cameraMode":{"drawMode":0,"name":"Shaded","section":"Shading Mode"},"sceneLighting":false,"audioPlay":false,"sceneViewState":{"m_AlwaysRefresh":false,"showFog":true,"showSkybox":false,"showFlares":true,"showImageEffects":true,"showParticleSystems":true,"showVisualEffectGraphs":true,"m_FxEnabled":true},"in2DMode":false,"pivot":{"x":-2.1994662284851076,"y":0.07100749015808106,"z":1.8056128025054932},"rotation":{"x":0.31719982624053957,"y":-0.4276767373085022,"z":0.1633303314447403,"w":0.8305807113647461},"size":1.7739946842193604,"orthographic":false}