{"cameraMode":{"drawMode":0,"name":"Shaded","section":"Shading Mode"},"sceneLighting":true,"audioPlay":false,"sceneViewState":{"m_AlwaysRefresh":false,"showFog":true,"showSkybox":true,"showFlares":true,"showImageEffects":true,"showParticleSystems":true,"showVisualEffectGraphs":true,"m_FxEnabled":true},"in2DMode":false,"pivot":{"x":-1.3654589653015137,"y":-17.151958465576173,"z":-14.356033325195313},"rotation":{"x":0.08719645440578461,"y":-0.8778014779090881,"z":0.4374361038208008,"w":0.17501117289066316},"size":27.168684005737306,"orthographic":false}