{"cameraMode":{"drawMode":0,"name":"Shaded","section":"Shading Mode"},"sceneLighting":true,"audioPlay":false,"sceneViewState":{"m_AlwaysRefresh":false,"showFog":true,"showSkybox":true,"showFlares":true,"showImageEffects":true,"showParticleSystems":true,"showVisualEffectGraphs":true,"m_FxEnabled":true},"in2DMode":false,"pivot":{"x":11.396672248840332,"y":-16.742774963378908,"z":-11.774636268615723},"rotation":{"x":-0.13847458362579347,"y":-0.8611154556274414,"z":0.36033210158348086,"w":-0.33092182874679568},"size":14.082489967346192,"orthographic":false}