{"cameraMode":{"drawMode":0,"name":"Shaded","section":"Shading Mode"},"sceneLighting":true,"audioPlay":false,"sceneViewState":{"m_AlwaysRefresh":false,"showFog":true,"showSkybox":true,"showFlares":true,"showImageEffects":true,"showParticleSystems":true,"showVisualEffectGraphs":true,"m_FxEnabled":true},"in2DMode":false,"pivot":{"x":-0.4174003005027771,"y":0.3516920208930969,"z":-0.47830668091773989},"rotation":{"x":0.1771896332502365,"y":-0.7153032422065735,"z":0.19589194655418397,"w":0.6469845771789551},"size":7.261025905609131,"orthographic":false}