{"cameraMode":{"drawMode":0,"name":"Shaded","section":"Shading Mode"},"sceneLighting":false,"audioPlay":false,"sceneViewState":{"m_AlwaysRefresh":false,"showFog":true,"showSkybox":false,"showFlares":true,"showImageEffects":true,"showParticleSystems":true,"showVisualEffectGraphs":true,"m_FxEnabled":true},"in2DMode":false,"pivot":{"x":-2.1388254165649416,"y":-0.06528110057115555,"z":1.7475272417068482},"rotation":{"x":0.10178650915622711,"y":-0.8070089221000671,"z":0.14585833251476289,"w":0.5631810426712036},"size":0.9254617094993591,"orthographic":false}