{"cameraMode":{"drawMode":0,"name":"Shaded","section":"Shading Mode"},"sceneLighting":false,"audioPlay":false,"sceneViewState":{"m_AlwaysRefresh":false,"showFog":true,"showSkybox":false,"showFlares":true,"showImageEffects":true,"showParticleSystems":true,"showVisualEffectGraphs":true,"m_FxEnabled":true},"in2DMode":false,"pivot":{"x":-2.1323533058166506,"y":0.03792859986424446,"z":2.010716676712036},"rotation":{"x":0.22105227410793305,"y":-0.1413326859474182,"z":0.03240051493048668,"w":0.9644594788551331},"size":0.9254617094993591,"orthographic":false}