{"cameraMode":{"drawMode":0,"name":"Shaded","section":"Shading Mode"},"sceneLighting":false,"audioPlay":false,"sceneViewState":{"m_AlwaysRefresh":false,"showFog":true,"showSkybox":false,"showFlares":true,"showImageEffects":true,"showParticleSystems":true,"showVisualEffectGraphs":true,"m_FxEnabled":true},"in2DMode":false,"pivot":{"x":-2.240269660949707,"y":0.052937980741262439,"z":1.9828169345855713},"rotation":{"x":0.22019299864768983,"y":0.12253151834011078,"z":-0.027883626520633699,"w":0.9673634171485901},"size":0.810978889465332,"orthographic":false}