{"cameraMode":{"drawMode":0,"name":"Shaded","section":"Shading Mode"},"sceneLighting":false,"audioPlay":false,"sceneViewState":{"m_AlwaysRefresh":false,"showFog":true,"showSkybox":false,"showFlares":true,"showImageEffects":true,"showParticleSystems":true,"showVisualEffectGraphs":true,"m_FxEnabled":true},"in2DMode":false,"pivot":{"x":-2.99045991897583,"y":0.32051321864128115,"z":-3.253000020980835},"rotation":{"x":0.19944186508655549,"y":-0.0701848492026329,"z":0.014315560460090638,"w":0.9773032665252686},"size":0.49366137385368349,"orthographic":false}