{"cameraMode":{"drawMode":0,"name":"Shaded","section":"Shading Mode"},"sceneLighting":false,"audioPlay":false,"sceneViewState":{"m_AlwaysRefresh":false,"showFog":true,"showSkybox":false,"showFlares":true,"showImageEffects":true,"showParticleSystems":true,"showVisualEffectGraphs":true,"m_FxEnabled":true},"in2DMode":false,"pivot":{"x":-2.1938140392303469,"y":1.0969717502593995,"z":2.3104074001312258},"rotation":{"x":-0.049422383308410647,"y":-0.9459452033042908,"z":0.26976796984672549,"w":-0.17331869900226594},"size":0.8391222953796387,"orthographic":false}