{"cameraMode":{"drawMode":0,"name":"Shaded","section":"Shading Mode"},"sceneLighting":false,"audioPlay":false,"sceneViewState":{"m_AlwaysRefresh":false,"showFog":true,"showSkybox":false,"showFlares":true,"showImageEffects":true,"showParticleSystems":true,"showVisualEffectGraphs":true,"m_FxEnabled":true},"in2DMode":false,"pivot":{"x":-1.6702213287353516,"y":0.6056350469589233,"z":0.7910664081573486},"rotation":{"x":0.015897372737526895,"y":-0.9795362949371338,"z":0.1815948784351349,"w":0.08571910858154297},"size":1.9306130409240723,"orthographic":false}