{"cameraMode":{"drawMode":0,"name":"Shaded","section":"Shading Mode"},"sceneLighting":false,"audioPlay":false,"sceneViewState":{"m_AlwaysRefresh":false,"showFog":true,"showSkybox":false,"showFlares":true,"showImageEffects":true,"showParticleSystems":true,"showVisualEffectGraphs":true,"m_FxEnabled":true},"in2DMode":false,"pivot":{"x":-0.47620096802711489,"y":1.0764280557632447,"z":0.7301937937736511},"rotation":{"x":0.04987017810344696,"y":-0.9499692320823669,"z":0.20875802636146546,"w":0.22705377638339997},"size":0.5547035932540894,"orthographic":false}