{"cameraMode":{"drawMode":0,"name":"Shaded","section":"Shading Mode"},"sceneLighting":false,"audioPlay":false,"sceneViewState":{"m_AlwaysRefresh":false,"showFog":true,"showSkybox":false,"showFlares":true,"showImageEffects":true,"showParticleSystems":true,"showVisualEffectGraphs":true,"m_FxEnabled":true},"in2DMode":false,"pivot":{"x":-0.5358296632766724,"y":-0.6055912971496582,"z":2.7603578567504885},"rotation":{"x":0.2425955832004547,"y":-0.14313919842243195,"z":0.036228783428668979,"w":0.9588515162467957},"size":2.598076105117798,"orthographic":false}