{"cameraMode":{"drawMode":0,"name":"Shaded","section":"Shading Mode"},"sceneLighting":false,"audioPlay":false,"sceneViewState":{"m_AlwaysRefresh":false,"showFog":true,"showSkybox":false,"showFlares":true,"showImageEffects":true,"showParticleSystems":true,"showVisualEffectGraphs":true,"m_FxEnabled":true},"in2DMode":false,"pivot":{"x":-0.7591914534568787,"y":0.385371595621109,"z":0.5313908457756043},"rotation":{"x":0.21962971985340119,"y":-0.48578009009361269,"z":0.12759250402450562,"w":0.8363950252532959},"size":1.5373258590698243,"orthographic":false}