{"cameraMode":{"drawMode":0,"name":"Shaded","section":"Shading Mode"},"sceneLighting":false,"audioPlay":false,"sceneViewState":{"m_AlwaysRefresh":false,"showFog":true,"showSkybox":false,"showFlares":true,"showImageEffects":true,"showParticleSystems":true,"showVisualEffectGraphs":true,"m_FxEnabled":true},"in2DMode":false,"pivot":{"x":0.3102620840072632,"y":1.527125358581543,"z":0.46296757459640505},"rotation":{"x":0.12594540417194367,"y":-0.8467361927032471,"z":0.23053783178329469,"w":0.46269792318344118},"size":0.5547035932540894,"orthographic":false}