{"cameraMode":{"drawMode":0,"name":"Shaded","section":"Shading Mode"},"sceneLighting":false,"audioPlay":false,"sceneViewState":{"m_AlwaysRefresh":false,"showFog":true,"showSkybox":false,"showFlares":true,"showImageEffects":true,"showParticleSystems":true,"showVisualEffectGraphs":true,"m_FxEnabled":true},"in2DMode":false,"pivot":{"x":-1.9147584438323975,"y":-0.6561288833618164,"z":0.9407009482383728},"rotation":{"x":0.29186806082725527,"y":-0.32124781608581545,"z":0.10481573641300202,"w":0.8948078155517578},"size":2.598076105117798,"orthographic":false}