{"cameraMode":{"drawMode":0,"name":"Shaded","section":"Shading Mode"},"sceneLighting":false,"audioPlay":false,"sceneViewState":{"m_AlwaysRefresh":false,"showFog":true,"showSkybox":false,"showFlares":true,"showImageEffects":true,"showParticleSystems":true,"showVisualEffectGraphs":true,"m_FxEnabled":true},"in2DMode":false,"pivot":{"x":0.48924365639686587,"y":3.4420292377471926,"z":0.019943512976169587},"rotation":{"x":-0.34424376487731936,"y":0.6557762026786804,"z":-0.47394680976867678,"w":-0.47633662819862368},"size":0.6428853273391724,"orthographic":false}