{"cameraMode":{"drawMode":0,"name":"Shaded","section":"Shading Mode"},"sceneLighting":false,"audioPlay":false,"sceneViewState":{"m_AlwaysRefresh":false,"showFog":true,"showSkybox":false,"showFlares":true,"showImageEffects":true,"showParticleSystems":true,"showVisualEffectGraphs":true,"m_FxEnabled":true},"in2DMode":false,"pivot":{"x":-0.13271215558052064,"y":-0.3520223796367645,"z":1.3736852407455445},"rotation":{"x":-0.3212578594684601,"y":-0.23196753859519959,"z":0.08148102462291718,"w":-0.9145528078079224},"size":2.1545193195343019,"orthographic":false}