{"cameraMode":{"drawMode":0,"name":"Shaded","section":"Shading Mode"},"sceneLighting":false,"audioPlay":false,"sceneViewState":{"m_AlwaysRefresh":false,"showFog":true,"showSkybox":false,"showFlares":true,"showImageEffects":true,"showParticleSystems":true,"showVisualEffectGraphs":true,"m_FxEnabled":true},"in2DMode":false,"pivot":{"x":0.38432028889656069,"y":-0.3826882541179657,"z":1.3270515203475953},"rotation":{"x":-0.3398372530937195,"y":-0.019186418503522874,"z":0.006931853014975786,"w":-0.9402953386306763},"size":2.1545193195343019,"orthographic":false}