{"cameraMode":{"drawMode":0,"name":"Shaded","section":"Shading Mode"},"sceneLighting":false,"audioPlay":false,"sceneViewState":{"m_AlwaysRefresh":false,"showFog":true,"showSkybox":false,"showFlares":true,"showImageEffects":true,"showParticleSystems":true,"showVisualEffectGraphs":true,"m_FxEnabled":true},"in2DMode":false,"pivot":{"x":-2.5765583515167238,"y":1.9636257886886597,"z":-5.146738052368164},"rotation":{"x":0.23832137882709504,"y":0.2293221652507782,"z":-0.05802816525101662,"w":0.9419545531272888},"size":2.2048707008361818,"orthographic":false}