{"cameraMode":{"drawMode":0,"name":"Shaded","section":"Shading Mode"},"sceneLighting":false,"audioPlay":false,"sceneViewState":{"m_AlwaysRefresh":false,"showFog":true,"showSkybox":false,"showFlares":true,"showImageEffects":true,"showParticleSystems":true,"showVisualEffectGraphs":true,"m_FxEnabled":true},"in2DMode":false,"pivot":{"x":-1.2981173992156983,"y":0.5787225961685181,"z":-2.573397636413574},"rotation":{"x":0.1389271765947342,"y":0.25566375255584719,"z":-0.03715885803103447,"w":0.9560257792472839},"size":0.49366137385368349,"orthographic":false}