{"cameraMode":{"drawMode":0,"name":"Shaded","section":"Shading Mode"},"sceneLighting":false,"audioPlay":false,"sceneViewState":{"m_AlwaysRefresh":false,"showFog":true,"showSkybox":false,"showFlares":true,"showImageEffects":true,"showParticleSystems":true,"showVisualEffectGraphs":true,"m_FxEnabled":true},"in2DMode":false,"pivot":{"x":-2.3421835899353029,"y":0.34007102251052859,"z":1.9573297500610352},"rotation":{"x":0.23412956297397614,"y":-0.40843886137008669,"z":0.10922148823738098,"w":0.8754982352256775},"size":0.9573549628257752,"orthographic":false}