{"cameraMode":{"drawMode":0,"name":"Shaded","section":"Shading Mode"},"sceneLighting":false,"audioPlay":false,"sceneViewState":{"m_AlwaysRefresh":false,"showFog":true,"showSkybox":false,"showFlares":true,"showImageEffects":true,"showParticleSystems":true,"showVisualEffectGraphs":true,"m_FxEnabled":true},"in2DMode":false,"pivot":{"x":-1.6289206743240357,"y":0.5374178886413574,"z":1.2659680843353272},"rotation":{"x":0.20411401987075807,"y":-0.25928688049316409,"z":0.05616433918476105,"w":0.9423441886901856},"size":0.5925874710083008,"orthographic":false}