{"cameraMode":{"drawMode":0,"name":"Shaded","section":"Shading Mode"},"sceneLighting":false,"audioPlay":false,"sceneViewState":{"m_AlwaysRefresh":false,"showFog":true,"showSkybox":false,"showFlares":true,"showImageEffects":true,"showParticleSystems":true,"showVisualEffectGraphs":true,"m_FxEnabled":true},"in2DMode":false,"pivot":{"x":-2.99045991897583,"y":0.32051321864128115,"z":-3.253000020980835},"rotation":{"x":-0.16598789393901826,"y":-0.42171424627304079,"z":0.07884255051612854,"w":-0.8879260420799255},"size":0.49366137385368349,"orthographic":false}