{"cameraMode":{"drawMode":0,"name":"Shaded","section":"Shading Mode"},"sceneLighting":false,"audioPlay":false,"sceneViewState":{"m_AlwaysRefresh":false,"showFog":true,"showSkybox":false,"showFlares":true,"showImageEffects":true,"showParticleSystems":true,"showVisualEffectGraphs":true,"m_FxEnabled":true},"in2DMode":false,"pivot":{"x":-2.1994662284851076,"y":0.07100749015808106,"z":1.8056128025054932},"rotation":{"x":0.1306390017271042,"y":-0.8283532857894898,"z":0.21615566313266755,"w":0.5002098679542542},"size":1.7739946842193604,"orthographic":false}