{"cameraMode":{"drawMode":0,"name":"Shaded","section":"Shading Mode"},"sceneLighting":false,"audioPlay":false,"sceneViewState":{"m_AlwaysRefresh":false,"showFog":true,"showSkybox":false,"showFlares":true,"showImageEffects":true,"showParticleSystems":true,"showVisualEffectGraphs":true,"m_FxEnabled":true},"in2DMode":false,"pivot":{"x":0.18358151614665986,"y":1.456050157546997,"z":-1.6155486106872559},"rotation":{"x":-0.23486661911010743,"y":-0.31307148933410647,"z":0.08024509996175766,"w":-0.9167681336402893},"size":1.4185312986373902,"orthographic":false}