{"cameraMode":{"drawMode":0,"name":"Shaded","section":"Shading Mode"},"sceneLighting":false,"audioPlay":false,"sceneViewState":{"m_AlwaysRefresh":false,"showFog":true,"showSkybox":false,"showFlares":true,"showImageEffects":true,"showParticleSystems":true,"showVisualEffectGraphs":true,"m_FxEnabled":true},"in2DMode":false,"pivot":{"x":-0.5014129281044006,"y":1.7968559265136719,"z":0.4266689419746399},"rotation":{"x":-0.4569314122200012,"y":-0.23407715559005738,"z":0.12605693936347962,"w":-0.8488867282867432},"size":1.4185312986373902,"orthographic":false}