{"cameraMode":{"drawMode":0,"name":"Shaded","section":"Shading Mode"},"sceneLighting":false,"audioPlay":false,"sceneViewState":{"m_AlwaysRefresh":false,"showFog":true,"showSkybox":false,"showFlares":true,"showImageEffects":true,"showParticleSystems":true,"showVisualEffectGraphs":true,"m_FxEnabled":true},"in2DMode":false,"pivot":{"x":-1.4602566957473755,"y":1.6730799674987794,"z":3.2455172538757326},"rotation":{"x":0.07921342551708222,"y":-0.9191991686820984,"z":0.2428622841835022,"w":0.2998144030570984},"size":0.6109924912452698,"orthographic":false}